lfp,k5,k618,age,wc,hc,lwg,inc
NotInLF,0,3,39,NoCol,NoCol,.85321248,28.363001
NotInLF,0,0,60,NoCol,NoCol,1.2249736,24.983999
NotInLF,0,0,43,NoCol,NoCol,.88814008,9.9519997
NotInLF,2,3,31,NoCol,NoCol,1.1580402,10
NotInLF,0,2,40,College,College,1.0828638,28.200001
NotInLF,0,2,36,NoCol,NoCol,.88950151,5.3299999
NotInLF,1,2,32,NoCol,NoCol,.60634559,6.8000002
NotInLF,2,6,39,NoCol,NoCol,.97738236,7.8400002
NotInLF,0,3,42,NoCol,NoCol,.99910569,26
NotInLF,0,1,53,NoCol,NoCol,1.1447335,23.426001
NotInLF,0,1,48,NoCol,College,.93300354,21.620001
NotInLF,0,1,44,NoCol,NoCol,.97640985,40.5
NotInLF,1,1,31,NoCol,College,1.1246393,4
NotInLF,0,0,48,NoCol,NoCol,.90227431,31.106001
NotInLF,1,2,31,College,College,1.2533377,45.25
NotInLF,0,0,43,NoCol,NoCol,.94251841,11.895
NotInLF,0,0,51,NoCol,NoCol,1.2712399,8.1169996
NotInLF,1,1,31,NoCol,College,1.0112566,14
NotInLF,0,2,43,College,College,1.0814669,28.069
NotInLF,0,0,31,NoCol,College,1.1172394,18
NotInLF,0,1,53,NoCol,NoCol,1.3169782,17.504999
NotInLF,2,0,30,NoCol,College,1.0443147,12.1
NotInLF,0,1,41,NoCol,College,1.1226944,63.5
NotInLF,1,1,30,College,College,1.0665239,26.040001
NotInLF,0,2,45,NoCol,NoCol,1.0684031,88
NotInLF,0,3,41,NoCol,College,1.0691812,77
NotInLF,0,0,58,College,College,1.1424105,22.200001
NotInLF,0,0,59,NoCol,NoCol,.80246425,22.422001
NotInLF,0,2,49,NoCol,NoCol,.24419646,6.5310001
NotInLF,0,2,41,NoCol,NoCol,1.2186279,12.4
NotInLF,0,1,48,College,College,1.4905235,28.9
NotInLF,1,3,32,NoCol,College,.94483638,47.5
NotInLF,0,3,38,NoCol,College,1.0098952,21.943001
NotInLF,0,7,34,NoCol,NoCol,.70135206,7.2319999
NotInLF,0,0,48,NoCol,NoCol,.31294364,14.4
NotInLF,0,3,40,NoCol,NoCol,.87069851,19
NotInLF,0,3,47,College,College,1.2194966,19
NotInLF,0,0,47,NoCol,NoCol,.8275221,12.646
NotInLF,3,0,31,College,College,1.2959661,51.200001
NotInLF,0,1,54,NoCol,College,.77474409,16.15
NotInLF,0,3,47,NoCol,NoCol,.85186565,28.200001
NotInLF,0,0,51,NoCol,NoCol,1.0270631,7.6079998
NotInLF,1,1,30,NoCol,College,.90972894,24.35
NotInLF,1,3,35,NoCol,NoCol,.79273278,6
NotInLF,0,2,32,NoCol,College,.94483638,22.995001
NotInLF,0,1,42,College,College,1.2140751,24.106001
NotInLF,0,0,56,NoCol,NoCol,.78864843,10.55
NotInLF,1,1,31,NoCol,NoCol,.64737862,7.7199998
NotInLF,1,1,34,NoCol,NoCol,1.0697975,30.299999
NotInLF,0,0,53,NoCol,NoCol,1.2513424,9.5600004
NotInLF,1,1,43,College,College,1.2793989,27.85
NotInLF,0,1,51,NoCol,NoCol,1.0053312,10.876
NotInLF,0,1,51,NoCol,NoCol,1.0073668,21.014
NotInLF,0,0,54,NoCol,NoCol,1.1201659,35
NotInLF,1,3,47,College,College,1.7558817,19.73
NotInLF,0,2,43,NoCol,NoCol,1.2282799,14.55
NotInLF,0,1,48,College,College,1.5263186,22.299999
NotInLF,1,3,33,NoCol,College,.79312176,15
NotInLF,0,2,43,NoCol,College,1.1223054,29.799999
NotInLF,0,1,32,College,College,1.1506077,22
NotInLF,0,0,42,NoCol,NoCol,.55328166,10
NotInLF,0,0,55,College,NoCol,1.6466655,13
NotInLF,1,2,41,NoCol,College,1.2286689,16.51
NotInLF,0,2,42,NoCol,NoCol,.53581029,15.825
NotInLF,1,1,48,NoCol,NoCol,.45888323,14.06
NotInLF,0,0,49,NoCol,NoCol,.79000986,15
NotInLF,0,0,54,College,College,1.2692542,20
NotInLF,1,2,36,NoCol,NoCol,.88950151,17.639999
NotInLF,0,0,51,NoCol,NoCol,1.0073668,21.9
NotInLF,0,2,31,NoCol,NoCol,.77921742,12.916
NotInLF,0,2,41,College,College,1.2545332,51
NotInLF,1,3,37,NoCol,College,.80644453,17.41
NotInLF,0,4,42,NoCol,NoCol,.55409509,7.5
NotInLF,0,0,50,College,College,1.731246,63.200001
NotInLF,0,1,37,NoCol,NoCol,1.0154022,34
NotInLF,0,5,38,College,College,.89782524,28.200001
NotInLF,0,0,58,NoCol,NoCol,.31099874,37.700001
NotInLF,0,0,50,NoCol,NoCol,.78981537,11.225
NotInLF,1,2,41,College,College,1.0431813,27
NotInLF,1,0,48,NoCol,NoCol,1.159844,20.968
NotInLF,0,2,43,NoCol,NoCol,1.016928,27.091999
NotInLF,0,1,48,College,College,1.3429654,31.5
NotInLF,0,3,30,NoCol,NoCol,.77941191,12
NotInLF,0,2,50,NoCol,College,.95300436,30.299999
NotInLF,0,1,37,NoCol,NoCol,.63211089,27
NotInLF,0,1,47,NoCol,NoCol,.83066249,18.200001
NotInLF,0,0,47,NoCol,NoCol,1.217461,7.0440001
NotInLF,0,0,55,NoCol,NoCol,1.0394524,13.072
NotInLF,0,2,36,NoCol,NoCol,.92340893,37.751999
NotInLF,1,2,32,NoCol,NoCol,.77902293,7.2859998
NotInLF,0,0,55,NoCol,College,1.12027,29
NotInLF,1,1,30,College,College,1.4018365,25.700001
NotInLF,0,0,60,College,College,1.2476975,55.599998
NotInLF,1,2,45,NoCol,NoCol,.75033164,10.09
NotInLF,0,0,47,NoCol,NoCol,1.0669705,13.35
NotInLF,0,1,51,NoCol,NoCol,.69429272,10.66
NotInLF,1,3,41,College,College,.9483608,30.799999
NotInLF,0,0,58,NoCol,NoCol,1.2635751,15.5
NotInLF,1,3,35,NoCol,NoCol,.90875649,24
NotInLF,0,4,36,NoCol,College,.97796583,24.4
NotInLF,0,2,47,NoCol,NoCol,.86933702,24.466
NotInLF,1,1,30,NoCol,College,.97913277,22
NotInLF,0,0,51,NoCol,NoCol,1.0380961,14.756
NotInLF,0,0,60,NoCol,NoCol,.41628569,14
NotInLF,0,0,49,NoCol,NoCol,1.2357149,15.5
NotInLF,0,0,49,NoCol,NoCol,.85147667,18.15
NotInLF,1,2,34,College,College,1.3615706,96
NotInLF,0,0,44,NoCol,NoCol,1.1221108,1.5
NotInLF,1,1,37,NoCol,College,1.1234723,37.599998
NotInLF,0,0,54,College,College,1.2520049,35.02
NotInLF,0,0,59,NoCol,NoCol,.86700314,32.242001
NotInLF,1,3,36,NoCol,College,.73798132,26.9
NotInLF,2,2,35,College,College,1.028466,36
NotInLF,0,3,53,NoCol,NoCol,.10061929,3.777
NotInLF,1,0,31,NoCol,NoCol,.85497755,12.092
NotInLF,0,2,54,NoCol,College,1.1885178,22.610001
NotInLF,0,0,54,NoCol,College,1.0375125,32
NotInLF,0,0,45,NoCol,NoCol,.73623091,21.950001
NotInLF,0,3,35,NoCol,NoCol,.67276353,12.367
NotInLF,0,0,51,NoCol,NoCol,.97504842,33.671001
NotInLF,0,2,52,College,College,1.5904157,23.674999
NotInLF,0,1,48,NoCol,NoCol,.69487619,22
NotInLF,0,0,56,NoCol,NoCol,.55226785,9.3800001
NotInLF,1,3,41,NoCol,NoCol,.97699332,30.622999
NotInLF,0,0,56,NoCol,NoCol,.68297249,22.15
NotInLF,0,1,45,College,College,1.2797551,20.219999
NotInLF,0,0,49,NoCol,NoCol,.6946817,18.290001
NotInLF,0,0,57,College,College,1.5163242,57
NotInLF,0,3,33,NoCol,NoCol,.72770941,19.875999
NotInLF,1,1,42,NoCol,NoCol,.77393764,11.203
NotInLF,1,1,31,NoCol,College,.90953445,19.021999
NotInLF,0,0,52,NoCol,NoCol,1.1224731,12.4
NotInLF,1,4,46,NoCol,NoCol,.79059333,30.65
NotInLF,0,2,49,NoCol,NoCol,.86894804,16.736
NotInLF,0,1,43,NoCol,NoCol,1.2664924,14
NotInLF,1,3,40,NoCol,NoCol,.90778399,33.919998
NotInLF,2,1,30,NoCol,NoCol,.48838392,16.200001
NotInLF,0,1,45,NoCol,College,1.016539,15.15
NotInLF,0,1,44,NoCol,NoCol,.85244912,13.39
NotInLF,0,0,52,NoCol,NoCol,1.2589005,18.5
NotInLF,0,1,46,NoCol,NoCol,.86953151,17.635
NotInLF,0,2,40,NoCol,College,.83760452,22.225
NotInLF,0,2,36,NoCol,NoCol,1.0977048,22.846001
NotInLF,0,0,47,College,College,1.2515764,56.099998
NotInLF,0,4,40,NoCol,NoCol,.83760452,15
NotInLF,0,1,48,NoCol,NoCol,.97563189,20.299999
NotInLF,1,1,44,NoCol,NoCol,.99047285,9.8000002
NotInLF,1,2,30,NoCol,NoCol,.98762345,8.1000004
NotInLF,3,3,37,College,College,.99498296,13.44
NotInLF,0,4,36,NoCol,NoCol,.85775805,15.5
NotInLF,1,3,33,NoCol,College,.9785493,23.5
NotInLF,1,1,32,College,College,1.1506077,50.299999
NotInLF,0,1,49,NoCol,NoCol,.85147667,28.07
NotInLF,0,3,39,NoCol,NoCol,.4481892,21.5
NotInLF,0,2,41,College,NoCol,1.1738135,22.582001
NotInLF,0,0,60,NoCol,NoCol,.92088753,18.5
NotInLF,0,2,45,NoCol,College,.97621536,29.299999
NotInLF,0,2,52,NoCol,NoCol,.36672258,68.035004
NotInLF,0,5,47,NoCol,NoCol,1.1141275,5.5500002
NotInLF,0,4,46,NoCol,NoCol,.36788955,19.365
NotInLF,0,0,52,NoCol,NoCol,.31216568,23
NotInLF,1,3,39,NoCol,College,1.1914352,24.76
NotInLF,0,0,51,NoCol,NoCol,.40718073,12.09
NotInLF,0,0,53,College,College,1.143383,20.200001
NotInLF,0,3,44,NoCol,NoCol,1.0394574,21.417
NotInLF,0,0,30,NoCol,College,.90972894,14.694
NotInLF,1,1,30,NoCol,College,.90972894,42.25
NotInLF,0,0,57,NoCol,NoCol,-.0058346256,6.3400002
NotInLF,2,1,31,College,College,1.4016421,23
NotInLF,0,0,47,NoCol,NoCol,1.2937499,21.1
NotInLF,0,1,46,NoCol,NoCol,1.0179641,16.24
NotInLF,0,2,37,College,College,1.0651624,15.9
NotInLF,1,1,34,NoCol,College,.90895098,24.701
NotInLF,2,1,36,NoCol,NoCol,.7666139,15
NotInLF,0,0,45,NoCol,NoCol,.56514263,30
NotInLF,1,1,33,NoCol,NoCol,.9239924,9.4499998
NotInLF,0,3,43,NoCol,NoCol,.72576451,19.855
NotInLF,0,0,52,NoCol,NoCol,1.3134575,19.237
NotInLF,1,1,33,College,College,1.5167702,29
NotInLF,2,0,38,College,NoCol,1.7576321,18.6
NotInLF,1,1,30,NoCol,NoCol,.73914832,25.1
NotInLF,1,1,34,NoCol,NoCol,.9444474,13.7
NotInLF,1,1,43,NoCol,NoCol,1.2595463,13.075
NotInLF,0,2,32,NoCol,NoCol,.94483638,11
NotInLF,0,2,45,NoCol,College,1.1902683,37.299999
NotInLF,0,0,46,NoCol,NoCol,.94211352,23.26
NotInLF,0,1,56,NoCol,NoCol,.85011524,16.073
NotInLF,0,1,49,NoCol,NoCol,1.0130683,13.399
NotInLF,0,0,48,NoCol,NoCol,.6594997,17.257999
NotInLF,0,1,49,NoCol,College,.95319885,31.799999
NotInLF,0,0,56,College,NoCol,1.4368049,7.6999998
NotInLF,1,1,47,NoCol,NoCol,.37804282,21.799999
NotInLF,0,2,54,NoCol,NoCol,1.2706565,14.45
NotInLF,1,0,30,NoCol,College,1.0167637,19.392
NotInLF,0,0,53,NoCol,NoCol,.67169458,17.5
NotInLF,0,4,44,NoCol,College,1.2280854,18.85
NotInLF,0,0,49,NoCol,NoCol,1.2271129,16
NotInLF,0,2,47,NoCol,College,1.0081447,32.5
NotInLF,0,2,52,NoCol,College,1.0670418,17.08
NotInLF,0,0,49,NoCol,NoCol,.79000986,8.6300001
NotInLF,2,2,30,NoCol,NoCol,.8180865,35
NotInLF,0,1,37,NoCol,NoCol,.18266937,22.159
NotInLF,0,1,50,NoCol,NoCol,.90583909,29.4
NotInLF,0,1,47,NoCol,NoCol,1.1215274,17.700001
NotInLF,0,1,51,NoCol,NoCol,1.0947874,26.68
NotInLF,0,0,53,NoCol,NoCol,.88619512,21.573999
NotInLF,1,2,31,NoCol,NoCol,.57344615,10.19
NotInLF,0,1,42,College,College,1.0602362,31.700001
NotInLF,0,2,46,NoCol,NoCol,.90661705,24.135
NotInLF,0,4,50,NoCol,NoCol,1.145317,31
NotInLF,0,4,41,College,College,1.331652,18.450001
NotInLF,0,1,48,NoCol,NoCol,1.0156569,17.969999
NotInLF,0,0,54,NoCol,NoCol,.81512773,13
NotInLF,0,1,50,NoCol,NoCol,.85503513,8.3999996
NotInLF,1,1,36,NoCol,NoCol,.97796583,16.700001
NotInLF,0,0,54,NoCol,NoCol,.7640087,10.04
NotInLF,1,2,33,NoCol,NoCol,.6061511,8.0089998
NotInLF,0,3,40,NoCol,NoCol,1.2108465,15.096
NotInLF,1,2,35,College,College,1.4639117,28.450001
NotInLF,1,1,32,NoCol,College,1.0417913,11.55
NotInLF,0,2,31,College,College,1.1563828,28
NotInLF,1,0,31,College,NoCol,1.6697453,18.200001
NotInLF,1,3,51,NoCol,NoCol,.20668422,44.987999
NotInLF,0,1,36,NoCol,NoCol,.6935631,13.4
NotInLF,0,0,59,NoCol,NoCol,.98198318,16.476
NotInLF,2,0,35,NoCol,College,1.0978992,17.200001
NotInLF,0,2,46,NoCol,NoCol,1.1217219,18.299999
NotInLF,0,0,52,NoCol,NoCol,.79977417,24
NotInLF,0,3,31,NoCol,NoCol,.67912209,4.3499999
NotInLF,0,1,46,NoCol,NoCol,1.1217219,29.552999
NotInLF,1,0,36,College,College,1.3864363,21.768
NotInLF,1,2,36,NoCol,NoCol,.79253829,14.2
NotInLF,0,0,56,NoCol,NoCol,1.0806476,8.3000002
NotInLF,0,0,52,NoCol,NoCol,1.2927774,20.177
NotInLF,0,4,33,College,NoCol,.9602645,18.214001
NotInLF,0,0,51,NoCol,NoCol,1.3194934,14
NotInLF,0,0,57,NoCol,College,1.3051213,18.799999
NotInLF,1,2,36,NoCol,College,.87147647,17.045
NotInLF,0,1,48,NoCol,NoCol,.94172454,24.5
NotInLF,0,0,53,NoCol,NoCol,.20629524,10.7
NotInLF,0,3,54,College,College,1.3836806,35.400002
NotInLF,1,2,40,NoCol,College,.97718787,21
NotInLF,1,3,37,NoCol,NoCol,.72693145,14.75
NotInLF,0,0,56,NoCol,NoCol,1.3053159,18.799999
NotInLF,2,0,32,College,College,1.2301208,14.7
NotInLF,0,1,42,NoCol,NoCol,.87030953,16.1
NotInLF,0,0,53,College,College,1.1860113,18.965
NotInLF,0,0,53,College,College,1.0620506,41.5
NotInLF,0,1,45,NoCol,NoCol,.86972606,42.799999
NotInLF,0,1,41,NoCol,College,1.2186279,19.5
NotInLF,0,2,44,College,College,1.4913014,20.882999
NotInLF,0,0,33,College,College,1.4934409,24
NotInLF,0,0,50,NoCol,NoCol,.90583909,21.6
NotInLF,0,2,52,NoCol,NoCol,1.1889068,14.6
NotInLF,0,5,38,College,College,1.0138489,21.85
NotInLF,0,0,56,NoCol,NoCol,.77435511,16.576
NotInLF,1,4,42,NoCol,NoCol,.63113844,15.98
NotInLF,1,2,43,NoCol,NoCol,1.0142353,17.4
NotInLF,1,1,32,NoCol,NoCol,1.1927967,14.8
NotInLF,0,3,47,NoCol,NoCol,1.2094852,13.53
NotInLF,0,0,47,NoCol,NoCol,1.0955653,25.32
NotInLF,0,3,37,College,College,1.4327934,28.629999
NotInLF,0,3,38,NoCol,College,1.1704348,24.469999
NotInLF,0,3,36,College,College,1.4329879,48.299999
NotInLF,0,0,44,NoCol,NoCol,.51421809,18.9
NotInLF,0,0,44,College,NoCol,1.0425979,23.700001
NotInLF,0,1,55,NoCol,NoCol,.36613911,13.4
NotInLF,0,0,49,NoCol,NoCol,.7757166,8
NotInLF,0,0,58,NoCol,NoCol,.44449383,10.592
NotInLF,3,1,31,College,College,.96065348,73.599998
NotInLF,2,1,33,College,College,1.0503179,40.25
NotInLF,0,5,34,NoCol,College,.79292727,15.7
NotInLF,0,0,47,NoCol,NoCol,1.1215274,25
NotInLF,0,0,48,College,College,1.0267509,26.613001
NotInLF,1,2,33,NoCol,NoCol,.9785493,18.219999
NotInLF,0,3,35,NoCol,NoCol,.55545652,10.867
NotInLF,1,4,41,NoCol,NoCol,1.1698513,7.0500002
NotInLF,1,3,38,College,NoCol,.97676343,32.685001
NotInLF,0,2,38,NoCol,NoCol,1.2308719,16.681999
NotInLF,0,2,42,NoCol,NoCol,.52546251,18.4
NotInLF,0,0,53,NoCol,NoCol,.73467499,13.42
NotInLF,0,1,44,NoCol,NoCol,.97640985,20.299999
NotInLF,0,1,51,NoCol,NoCol,.85484064,18.75
NotInLF,0,0,55,NoCol,NoCol,.78884292,28.6
NotInLF,1,2,30,NoCol,College,.94522536,20.5
NotInLF,0,0,54,College,College,1.3315178,33.855999
NotInLF,0,2,38,NoCol,College,.87108749,33.099998
NotInLF,2,0,30,College,College,1.5986567,16.049999
NotInLF,0,2,50,NoCol,NoCol,.90583909,40.799999
NotInLF,0,1,34,NoCol,College,.42134249,7.04
NotInLF,2,3,34,NoCol,NoCol,1.0694989,5
NotInLF,2,2,30,NoCol,College,.81889993,10.027
NotInLF,0,3,38,NoCol,NoCol,.53658825,7.5739999
NotInLF,0,0,54,NoCol,NoCol,1.1201659,20.950001
NotInLF,2,0,33,NoCol,NoCol,1.0415969,18.52
NotInLF,0,0,38,NoCol,NoCol,.8379935,16.788
NotInLF,0,3,51,NoCol,NoCol,.9759441,19.700001
NotInLF,1,1,32,NoCol,NoCol,1.0709316,14.5
NotInLF,0,2,36,NoCol,NoCol,.77824497,9.0900002
NotInLF,0,0,53,NoCol,College,1.1203605,27.76
NotInLF,0,2,38,College,College,1.4720492,37.25
NotInLF,0,2,36,NoCol,College,.92340893,6
NotInLF,0,1,39,NoCol,NoCol,.75179714,15.189
NotInLF,2,0,30,College,College,1.7003706,16.15
NotInLF,1,0,34,NoCol,NoCol,.87186545,17.5
NotInLF,0,1,45,NoCol,NoCol,.90681154,24.799999
NotInLF,2,3,44,College,NoCol,1.2789059,18.874001
NotInLF,1,2,35,College,College,1.1201084,18.01
NotInLF,0,1,44,NoCol,NoCol,.82810557,15.55
NotInLF,0,3,44,NoCol,NoCol,.85244912,13.126
NotInLF,1,1,36,NoCol,College,.42095351,20.528
NotInLF,0,0,55,NoCol,NoCol,.95203185,15
NotInLF,0,1,49,NoCol,NoCol,.34056833,11
NotInLF,0,3,32,NoCol,NoCol,1.0163747,16.6
NotInLF,0,0,56,NoCol,NoCol,.97407597,30.200001
NotInLF,0,2,38,NoCol,NoCol,.71166801,15.83
NotInLF,0,0,57,NoCol,NoCol,1.0061998,12.925
NotInLF,0,0,60,NoCol,NoCol,1.0930369,15.3
NotInLF,0,1,42,College,College,1.2022138,31
NotInLF,0,5,43,NoCol,College,.94269699,21.823
NotInLF,0,1,45,NoCol,College,1.1690733,21.700001
NotInLF,0,4,41,NoCol,College,.83182943,35.91
NotInLF,1,0,30,NoCol,College,1.1174339,22.799999
NotInLF,2,0,30,College,College,1.4018365,23.6
NotInLF,0,1,49,NoCol,College,.86894804,21.025
inLF,0,1,30,NoCol,NoCol,1.4064971,16
inLF,0,1,33,NoCol,NoCol,1.2264457,24
inLF,0,2,43,College,NoCol,1.7694349,21.640001
inLF,0,1,40,NoCol,NoCol,1.6688613,22.641001
inLF,0,5,36,NoCol,NoCol,.83801126,18.200001
inLF,2,0,32,College,College,1.5649862,15.099999
inLF,1,1,45,NoCol,NoCol,1.2412686,23.709
inLF,0,2,49,NoCol,College,.94469005,14.434001
inLF,1,3,36,NoCol,NoCol,1.5009363,10.7
inLF,0,4,39,NoCol,NoCol,.91629076,12.9
inLF,0,4,37,NoCol,NoCol,.55431092,12.75
inLF,0,2,36,College,NoCol,1.9120456,26.5
inLF,1,2,39,College,NoCol,-1.5432981,16.120001
inLF,0,3,36,College,College,.52632964,32
inLF,0,0,46,NoCol,NoCol,.99425238,1.1999998
inLF,0,1,31,NoCol,NoCol,1.1516048,14.6
inLF,1,2,40,College,College,.57536429,25.09
inLF,0,2,34,NoCol,NoCol,1.2169925,13.14
inLF,0,0,47,NoCol,NoCol,1.1673195,29.309999
inLF,0,0,38,NoCol,NoCol,.87117028,10
inLF,1,3,36,NoCol,NoCol,3.2188759,21
inLF,0,1,44,NoCol,NoCol,1.6971768,18.9
inLF,0,1,38,NoCol,College,1.3915043,14.782
inLF,0,1,43,NoCol,NoCol,.54019761,24.927999
inLF,0,2,43,NoCol,NoCol,1.1222221,23.249001
inLF,0,0,51,College,College,0,25.299999
inLF,0,1,48,NoCol,NoCol,1.3415585,59
inLF,0,2,42,College,College,.91629076,21
inLF,2,2,38,College,NoCol,1.6282244,18.43
inLF,0,1,49,College,College,.556288,39.099998
inLF,0,0,35,College,College,1.6810741,11.799999
inLF,0,0,55,NoCol,NoCol,.68267602,11.627999
inLF,0,3,35,College,College,1.2701128,34
inLF,0,0,52,College,NoCol,1.926825,18.300001
inLF,1,1,34,College,College,3.1135154,19.799999
inLF,0,0,50,NoCol,College,.18392278,14.5
inLF,0,2,35,College,NoCol,1.6046872,5.1200004
inLF,0,0,54,NoCol,NoCol,.69314718,9.3000002
inLF,0,0,43,NoCol,NoCol,1.3610165,18.559999
inLF,0,0,30,College,College,1.9278916,20.6
inLF,1,3,32,NoCol,NoCol,.65392649,17.507
inLF,0,3,35,NoCol,NoCol,1.0779932,7.1759992
inLF,0,0,41,College,College,1.9480944,79.800003
inLF,0,2,41,NoCol,NoCol,1.0473189,7.9000001
inLF,0,3,36,NoCol,NoCol,1.4064971,14.499999
inLF,0,0,34,NoCol,NoCol,1.0647107,7.7999997
inLF,0,1,43,College,College,1.3682758,16.77
inLF,0,2,35,College,NoCol,1.8289676,-.029000094
inLF,0,3,43,NoCol,NoCol,1.3764663,13.872001
inLF,1,3,33,NoCol,College,.91629076,43
inLF,0,2,34,College,NoCol,1.2264457,17.200001
inLF,0,1,44,College,NoCol,.51639682,14.52
inLF,0,3,37,NoCol,College,.7280345,10.4
inLF,0,2,32,NoCol,NoCol,.80308044,9.0200005
inLF,1,1,34,NoCol,NoCol,1.4995565,6.5999985
inLF,0,2,32,College,College,.91462535,19.700001
inLF,0,1,44,NoCol,NoCol,1.5151978,16.4
inLF,0,5,37,College,College,2.1202636,34.75
inLF,0,1,50,College,College,1.868332,33.049999
inLF,0,1,44,College,College,2.7333677,51.300007
inLF,0,1,45,College,College,.69314718,30.5
inLF,0,3,41,NoCol,NoCol,-.19965555,16.323
inLF,0,0,56,NoCol,NoCol,2.9050782,10.786999
inLF,0,2,46,NoCol,NoCol,.91629076,12.4
inLF,0,1,37,NoCol,College,.97702718,34.5
inLF,0,3,39,College,College,1.0216513,26
inLF,0,0,54,College,NoCol,2.1892564,18.219999
inLF,0,3,43,NoCol,NoCol,1.4654578,25.075001
inLF,0,3,38,NoCol,NoCol,.61938113,5.4860001
inLF,0,0,54,NoCol,NoCol,.76571804,20.25
inLF,0,1,32,NoCol,College,-.74193728,17.15
inLF,0,0,40,College,College,3.0647252,32
inLF,1,2,35,College,College,1.3783262,23.5
inLF,0,2,45,College,College,1.9444993,35.755001
inLF,0,1,34,NoCol,College,.14791989,14
inLF,0,3,42,NoCol,NoCol,.55902761,17.210001
inLF,2,1,30,College,College,.79850763,13.7
inLF,0,0,46,NoCol,NoCol,1.3069208,28
inLF,0,0,35,College,College,2.2595255,37.299999
inLF,0,2,57,NoCol,NoCol,3.155581,24.399
inLF,0,2,44,College,College,-1.7664415,9
inLF,0,0,45,NoCol,NoCol,1.683176,10.775
inLF,0,0,50,College,College,-.43363604,41.099998
inLF,0,3,36,College,College,1.4017986,15.8
inLF,0,2,44,NoCol,NoCol,.79073018,13.602
inLF,0,1,34,College,College,1.688481,26.000002
inLF,0,0,52,College,NoCol,1.1804423,17.66
inLF,0,1,47,College,College,.51082581,28.6
inLF,0,4,49,NoCol,NoCol,1.4557482,9.8839998
inLF,0,1,38,NoCol,NoCol,1.4913896,15.540001
inLF,0,2,40,NoCol,NoCol,1.4759065,17.9
inLF,0,0,45,NoCol,NoCol,1.3162353,16.98
inLF,0,2,32,NoCol,NoCol,.95551139,12
inLF,1,2,45,NoCol,College,.77925009,10.469999
inLF,0,2,40,NoCol,NoCol,.93328822,7.7890005
inLF,0,0,56,NoCol,NoCol,.86499745,6.3000002
inLF,0,0,45,College,College,1.9661129,20.75
inLF,0,2,35,NoCol,College,1.8440101,13
inLF,0,2,36,College,College,1.7037485,23.6
inLF,0,2,32,NoCol,NoCol,1.6337306,13.82
inLF,0,2,37,NoCol,College,.64185387,33.299999
inLF,0,5,52,NoCol,College,.69314718,42.91
inLF,0,1,51,NoCol,NoCol,.85802156,22.25
inLF,0,1,30,NoCol,NoCol,1.7589697,8.5
inLF,0,0,48,NoCol,NoCol,1.5659528,30.75
inLF,0,4,34,NoCol,NoCol,.79999012,9.0480003
inLF,0,0,46,NoCol,NoCol,.47000363,9.8999996
inLF,0,0,47,NoCol,NoCol,1.2702223,26.09
inLF,0,1,47,NoCol,NoCol,1.1987233,14.7
inLF,0,0,47,NoCol,College,1.2039727,46.645
inLF,0,1,43,NoCol,NoCol,1.3694872,11.844
inLF,0,0,47,NoCol,NoCol,1.4736363,13.295
inLF,0,1,46,College,College,1.3217559,16.555
inLF,0,1,48,College,College,2.472122,17.574995
inLF,0,0,53,NoCol,NoCol,1.5183107,9.8000011
inLF,0,1,39,NoCol,NoCol,1.892005,17.455
inLF,0,0,57,College,College,1.6361114,14.421
inLF,0,1,30,NoCol,NoCol,1.1960874,15.591
inLF,0,1,40,NoCol,NoCol,1.3217559,23.15
inLF,0,0,50,NoCol,NoCol,.089612156,24.5
inLF,0,3,45,NoCol,NoCol,.22824886,9.5600004
inLF,0,1,39,NoCol,NoCol,.87114489,13.676999
inLF,0,2,34,College,NoCol,.84729773,12.3
inLF,0,1,39,NoCol,College,.75299835,18.857
inLF,0,2,32,College,College,1.5471342,11.179999
inLF,0,3,37,NoCol,NoCol,.67924446,9.999999
inLF,0,2,43,College,College,2.0349898,19.309999
inLF,0,0,46,NoCol,College,1.1661358,17.401999
inLF,0,1,32,College,College,2.3271625,17.799992
inLF,0,0,50,NoCol,NoCol,1.8325815,27
inLF,0,0,59,College,College,1.2935848,26
inLF,0,3,37,NoCol,College,1.1526461,28.040001
inLF,0,0,49,NoCol,College,1.0584848,21.5
inLF,0,1,39,NoCol,NoCol,.84094113,4.8000007
inLF,0,0,47,NoCol,NoCol,1.2998388,18.76
inLF,0,2,32,College,College,2.1530533,43.299999
inLF,0,0,32,College,College,-.6113947,11
inLF,0,0,32,NoCol,College,1.1436096,18.5
inLF,0,1,49,NoCol,College,2.2331755,19.700001
inLF,0,1,41,NoCol,College,.98349953,34.200001
inLF,0,2,34,NoCol,NoCol,.98726988,3.8999991
inLF,0,0,34,NoCol,NoCol,.20103861,13.892
inLF,0,0,51,College,College,1.7147983,38.400002
inLF,0,1,45,College,NoCol,1.3903024,52.5
inLF,0,0,49,NoCol,College,1.5885466,53.5
inLF,1,0,30,NoCol,College,1.1188148,27
inLF,0,1,38,NoCol,NoCol,1.0671136,12.5
inLF,0,0,54,College,College,1.1123673,6.4910016
inLF,0,2,43,College,NoCol,1.3791769,8.5600004
inLF,0,0,38,NoCol,NoCol,2.0838959,17.201
inLF,0,3,37,NoCol,NoCol,.62082648,21.299999
inLF,0,3,36,NoCol,College,1.6032073,16.4
inLF,0,0,41,College,NoCol,1.0788095,13.150002
inLF,0,0,41,NoCol,College,.57776493,27.040001
inLF,1,2,36,NoCol,NoCol,.49532166,9.1749992
inLF,0,3,48,NoCol,NoCol,.18125261,13.392
inLF,0,1,41,NoCol,NoCol,.89544499,28.981001
inLF,0,0,56,College,College,1.9761044,18.159
inLF,1,2,36,College,College,1.9195929,14.2
inLF,0,2,47,College,NoCol,2.3227875,25.205004
inLF,0,4,40,NoCol,NoCol,.86020112,16.165001
inLF,0,1,45,NoCol,College,1.332389,29.700001
inLF,0,1,32,NoCol,NoCol,.51082581,15.05
inLF,0,0,59,NoCol,NoCol,.22314355,14.78
inLF,0,1,47,College,College,1.4105872,41.399998
inLF,0,1,45,College,College,1.7101794,13
inLF,0,1,47,College,NoCol,1.5686159,28.501999
inLF,0,0,54,NoCol,College,.55961579,34.856998
inLF,0,3,38,NoCol,NoCol,.95711285,10.499999
inLF,0,3,32,NoCol,College,0,39.213001
inLF,1,0,53,NoCol,NoCol,1.2909843,18.275
inLF,1,3,35,College,College,.39304224,25.380001
inLF,0,0,49,NoCol,College,1.4105872,13.5
inLF,0,4,34,NoCol,NoCol,.47000363,20.66
inLF,0,2,31,College,NoCol,1.1623771,9.999999
inLF,0,0,51,College,College,2.0310118,31.811001
inLF,1,5,30,NoCol,NoCol,.70130527,7.2000003
inLF,0,0,52,College,College,2.2614579,39.139999
inLF,1,0,30,College,College,2.1010323,24.25
inLF,0,0,51,NoCol,NoCol,1.4228519,10.700001
inLF,0,1,43,NoCol,NoCol,2.0661962,25
inLF,0,4,31,NoCol,NoCol,.9263413,14.899999
inLF,0,3,40,NoCol,NoCol,1.9553889,14.03
inLF,0,3,46,NoCol,NoCol,1.4601418,19.007
inLF,0,2,38,NoCol,College,-.039220802,13.025
inLF,0,1,32,NoCol,College,1.6267294,17.4
inLF,0,2,32,College,NoCol,1.9241487,24.625999
inLF,0,0,48,NoCol,NoCol,.96984208,4.8110003
inLF,0,0,52,College,College,2.3474667,16.699993
inLF,0,2,38,College,College,2.1465313,32.025002
inLF,0,0,55,NoCol,NoCol,1.5620917,16.35
inLF,0,1,49,NoCol,NoCol,-.42092142,19.103001
inLF,0,3,43,NoCol,College,1.6851965,29.117001
inLF,0,1,38,NoCol,NoCol,1.2970634,6.4999995
inLF,0,1,31,College,NoCol,1.0185697,9.4659996
inLF,1,0,30,NoCol,College,1.6023204,19.08
inLF,0,0,52,NoCol,NoCol,1.2503659,10.4
inLF,0,1,37,NoCol,NoCol,1.4431167,11.4
inLF,0,3,37,NoCol,NoCol,1.0906444,9
inLF,0,0,52,NoCol,NoCol,1.8325815,28.799999
inLF,1,2,34,College,College,1.7992158,28.199999
inLF,0,2,42,NoCol,College,1.3862944,20.632999
inLF,0,3,43,College,College,1.6751894,22.4
inLF,0,4,46,College,College,2.0694911,26.59
inLF,0,2,37,NoCol,College,.98082936,19.16
inLF,0,0,45,NoCol,NoCol,.46936902,8.9329996
inLF,0,1,47,NoCol,NoCol,1.7297242,25.699999
inLF,0,1,48,NoCol,NoCol,1.892005,21
inLF,1,2,36,NoCol,NoCol,-2.0541239,11.2
inLF,0,0,45,NoCol,NoCol,.62082648,13.5
inLF,0,2,33,NoCol,NoCol,1.1077996,10.954
inLF,1,5,41,NoCol,College,2.2958679,18.271999
inLF,0,0,46,College,NoCol,.74871713,7.79
inLF,0,0,52,NoCol,NoCol,.53695172,3.6710005
inLF,0,0,59,NoCol,NoCol,.83772832,3.3000002
inLF,0,2,41,NoCol,NoCol,1.3573829,15.6
inLF,0,0,52,NoCol,NoCol,1.2039727,6.25
inLF,0,0,50,NoCol,NoCol,1.2288704,6.6999998
inLF,0,0,39,NoCol,NoCol,2.8851907,22.199999
inLF,0,0,45,College,NoCol,1.2669476,13.8
inLF,0,1,34,NoCol,NoCol,1.1546267,12.845001
inLF,0,1,43,NoCol,NoCol,1.0906444,18.195
inLF,0,2,44,NoCol,NoCol,.98847216,10.436999
inLF,0,0,51,NoCol,NoCol,1.3997173,10.500001
inLF,0,0,54,NoCol,NoCol,.10536046,20.5
inLF,0,0,30,College,College,2.3644607,17.799997
inLF,1,1,34,College,College,2.2518919,24.1
inLF,0,1,40,NoCol,NoCol,1.5131067,32.900002
inLF,0,3,42,College,College,1.7556204,32.43
inLF,0,1,44,College,NoCol,1.5820881,18
inLF,0,0,51,NoCol,NoCol,.95551139,20.68
inLF,0,1,36,NoCol,NoCol,1.8844231,11.1
inLF,0,3,40,NoCol,College,1.3000159,20.75
inLF,0,3,33,College,College,.55961579,31.200001
inLF,0,3,31,NoCol,NoCol,1.4971018,18
inLF,0,3,43,NoCol,NoCol,1.4271164,12.54
inLF,0,4,39,NoCol,NoCol,1.2417133,16
inLF,0,0,54,NoCol,NoCol,.82217741,13.3
inLF,0,0,30,NoCol,College,.22314355,8.2370005
inLF,0,3,33,NoCol,College,-.40916198,17.1
inLF,0,1,49,College,NoCol,1.6887316,6.0160012
inLF,0,0,37,College,College,1.7917595,17.07
inLF,1,5,39,NoCol,College,.96814859,33.969997
inLF,0,2,40,NoCol,NoCol,3.2188759,21.219999
inLF,0,2,38,College,College,1.4105872,25.199999
inLF,0,2,48,NoCol,NoCol,1.5448993,9
inLF,0,1,39,NoCol,NoCol,1.4375876,23.668001
inLF,0,4,36,College,College,2.1580038,21.372
inLF,0,1,49,NoCol,NoCol,1.0986123,44
inLF,0,2,51,NoCol,NoCol,1.3318062,38
inLF,0,0,37,NoCol,NoCol,.46027333,9.1999998
inLF,0,1,46,College,College,1.7105405,19.298
inLF,0,0,47,NoCol,NoCol,.70927644,13.900001
inLF,0,1,32,NoCol,College,.81093019,25.6
inLF,0,0,44,NoCol,NoCol,.47435603,13.134
inLF,0,1,31,NoCol,NoCol,1.0315291,7.7999997
inLF,0,1,54,NoCol,College,1.7249508,17.396999
inLF,0,2,41,NoCol,NoCol,.94213194,9.6450005
inLF,0,0,30,NoCol,NoCol,1.0949824,14.000001
inLF,0,2,43,NoCol,NoCol,.75502282,13.118999
inLF,0,0,46,College,College,1.5179226,44
inLF,0,0,46,College,College,2.606698,17.499996
inLF,0,3,35,NoCol,NoCol,.57536429,12.5
inLF,0,0,46,NoCol,NoCol,1.4150438,20.576
inLF,1,0,43,College,College,1.0498221,14.4
inLF,0,3,34,College,College,.22314355,21.200001
inLF,0,2,37,College,College,1.6164626,27.299999
inLF,0,3,37,NoCol,NoCol,.63613701,12.709
inLF,0,3,35,NoCol,NoCol,1.0216513,13.2
inLF,0,1,46,College,College,1.4433111,10
inLF,0,0,43,College,College,1.236917,19.721001
inLF,1,3,33,NoCol,NoCol,.51082581,2.2
inLF,0,0,54,College,College,1.9596404,27.799999
inLF,0,0,47,College,College,2.1029148,32.700001
inLF,1,0,31,College,College,1.3862944,11.1
inLF,0,3,43,NoCol,College,.63252258,22.395
inLF,1,1,33,College,College,.90524107,17.019999
inLF,0,2,42,College,College,1.4950274,27.5
inLF,0,3,40,College,College,2.0018072,15.900001
inLF,0,1,53,College,College,.1216024,40
inLF,0,2,36,NoCol,NoCol,1.5532677,27.872
inLF,0,2,46,NoCol,NoCol,1.0986123,16
inLF,1,2,36,NoCol,NoCol,.48550782,5.3150001
inLF,0,0,53,NoCol,NoCol,.20252447,27.199999
inLF,0,1,51,NoCol,NoCol,.89431179,13.732
inLF,0,2,41,College,College,1.4806052,11.999999
inLF,0,0,49,College,College,2.1308968,19.5
inLF,0,0,58,NoCol,College,1.8921324,16
inLF,0,0,50,NoCol,College,1.491655,16.999998
inLF,1,2,33,NoCol,College,1.2039727,20.719999
inLF,1,0,36,College,College,1.8325815,17
inLF,0,2,39,NoCol,NoCol,.78275937,26.15
inLF,0,1,47,NoCol,NoCol,.94160867,20.85
inLF,0,1,45,NoCol,NoCol,.72439975,23.559999
inLF,0,1,38,College,NoCol,2.14398,21.299999
inLF,0,2,34,NoCol,NoCol,1.1935015,19.205
inLF,0,0,55,NoCol,NoCol,1.6486586,17.323999
inLF,1,2,31,NoCol,NoCol,.61618626,15.5
inLF,0,4,35,NoCol,NoCol,1.5404451,18.4
inLF,0,1,54,College,NoCol,.86485851,16.142
inLF,1,0,33,NoCol,NoCol,1.2909843,11.799999
inLF,0,3,45,College,College,-.96062648,23.674999
inLF,0,2,35,NoCol,NoCol,-1.8225309,17.9
inLF,0,0,47,College,NoCol,2.2885988,22
inLF,1,1,31,College,NoCol,1.6894807,14.499999
inLF,0,2,43,NoCol,College,1.4789581,10.9
inLF,0,0,41,NoCol,NoCol,1.075344,9.6199999
inLF,0,3,54,College,College,1.0162892,34.599998
inLF,0,0,47,NoCol,NoCol,1.3509928,22.299999
inLF,1,3,38,College,College,1.299283,91
inLF,0,2,45,NoCol,NoCol,1.7917595,17.774
inLF,0,0,49,NoCol,College,1.4064971,16.15
inLF,0,0,49,NoCol,NoCol,-.69314718,14.749
inLF,0,3,46,NoCol,NoCol,1.7602607,43
inLF,0,0,47,College,College,1.3751566,46
inLF,0,1,45,College,College,1.5311551,23.699999
inLF,0,0,55,College,College,1.5040774,14.3
inLF,2,0,31,College,College,2.2302644,14.245
inLF,0,4,36,NoCol,College,.28768185,25.200001
inLF,0,1,44,NoCol,NoCol,1.2241757,17.668999
inLF,0,3,47,NoCol,College,1.1728821,20.886
inLF,0,0,46,NoCol,NoCol,1.3862944,8.1199999
inLF,0,3,33,College,College,.32850412,21
inLF,0,2,42,NoCol,NoCol,1.3217559,17.049999
inLF,0,1,48,College,College,1.6549002,70.75
inLF,1,2,47,NoCol,College,.8783384,20.988998
inLF,0,1,36,NoCol,NoCol,1.0584304,25.612001
inLF,0,1,37,NoCol,NoCol,.42822215,10.877
inLF,0,2,34,College,College,.88430792,26
inLF,0,0,47,NoCol,College,.901402,20.700001
inLF,0,2,32,College,College,.55590034,26.300001
inLF,0,1,45,NoCol,NoCol,1.5806886,23.799999
inLF,0,1,45,NoCol,NoCol,1.0282087,12.825
inLF,0,4,31,NoCol,College,-.3364723,19.629999
inLF,0,2,48,NoCol,NoCol,-.69314718,28.700001
inLF,1,2,33,NoCol,College,.114816,30.234999
inLF,2,0,33,NoCol,NoCol,.51082581,17.09
inLF,0,2,44,NoCol,College,1.5683184,18.238998
inLF,1,3,39,NoCol,NoCol,.34743199,13.632
inLF,0,1,46,College,College,1.6586282,45.75
inLF,0,2,46,NoCol,NoCol,.9932518,10.55
inLF,0,0,59,College,College,1.1298648,10.5
inLF,0,1,54,College,College,2.1202636,20.950001
inLF,0,0,51,NoCol,NoCol,.48636225,2.1339998
inLF,0,0,56,College,College,1.2658482,24.700001
inLF,0,1,50,NoCol,NoCol,1.0736742,17.695
inLF,0,0,60,College,NoCol,0,12.15
inLF,0,0,50,NoCol,NoCol,-.15057278,12.085
inLF,0,0,58,NoCol,College,.93819547,32.349998
inLF,2,2,32,College,College,0,13.665
inLF,0,0,49,College,College,1.0876724,8.6000004
inLF,0,2,32,NoCol,NoCol,-1.0296193,18.1
inLF,0,1,48,NoCol,NoCol,1.6058081,10.66
inLF,0,1,31,NoCol,NoCol,1.4670708,8.1199989
inLF,2,4,34,NoCol,NoCol,2.1070182,10.2
inLF,0,0,58,NoCol,NoCol,1.6418628,12.15
inLF,0,0,52,NoCol,NoCol,1.3017371,26.751999
inLF,0,0,33,NoCol,College,1.7449915,11.900001
inLF,0,1,51,NoCol,NoCol,1.3217559,18
inLF,0,3,41,NoCol,NoCol,1.1239301,21.217001
inLF,0,0,34,NoCol,NoCol,1.0704415,15.5
inLF,0,2,46,College,College,1.937942,17.4
inLF,0,0,36,NoCol,NoCol,1.2790111,12.42
inLF,0,4,41,NoCol,NoCol,2.479322,6.9500017
inLF,0,0,47,NoCol,NoCol,1.8325815,11.81
inLF,0,0,48,NoCol,NoCol,.99967223,10.500001
inLF,0,4,43,NoCol,NoCol,1.2628131,15.050001
inLF,0,3,40,College,College,1.4816046,28.5
inLF,0,2,39,NoCol,NoCol,.76214004,12.387
inLF,0,0,55,College,College,1.5258496,19.384998
inLF,0,0,34,College,College,2.0845456,20.799999
inLF,0,0,55,College,College,2.2654455,13.999999
inLF,0,0,31,College,College,1.3971641,12.5
inLF,0,0,52,NoCol,NoCol,.62923408,7.9999995
inLF,0,0,52,NoCol,NoCol,.47000363,9.5
inLF,0,8,37,NoCol,NoCol,.16251928,16.257999
inLF,0,0,58,NoCol,NoCol,.094310619,14.5
inLF,0,1,46,NoCol,NoCol,.82848847,27.313999
inLF,0,2,30,NoCol,NoCol,.96983153,6.3519998
inLF,0,0,51,NoCol,College,.82098043,16.650002
inLF,0,0,45,NoCol,NoCol,1.5198573,7.1419997
inLF,0,2,48,College,College,.7011407,21.154999
inLF,0,2,34,NoCol,NoCol,1.2447947,5
inLF,0,3,30,NoCol,NoCol,.69314718,14.13
inLF,0,2,48,NoCol,NoCol,1.5123762,19.993999
inLF,1,2,31,College,College,.94503331,22.5
inLF,0,0,57,NoCol,NoCol,1.3659317,22
inLF,1,2,30,NoCol,College,.98528343,15.51
inLF,0,0,30,College,College,2.6831658,17.499996
inLF,0,0,51,College,NoCol,1.7260362,14.594
inLF,0,1,46,NoCol,NoCol,1.5118575,11.384001
inLF,0,0,46,NoCol,College,.8651225,10.32
inLF,0,1,42,NoCol,NoCol,.90169191,14.197001
inLF,0,3,45,College,College,1.3367952,16.733999
inLF,0,1,51,NoCol,NoCol,1.2729658,17.099998
inLF,0,2,36,College,College,1.7666236,13.599999
inLF,0,0,59,College,College,.89976132,16.75
inLF,0,0,50,NoCol,NoCol,.43078324,5.1189995
inLF,0,0,42,NoCol,NoCol,1.7693523,15.7
inLF,1,0,31,College,College,1.98182,15.099999
inLF,0,3,32,NoCol,College,1.5532677,17
inLF,0,0,59,NoCol,College,1.3862944,16
inLF,0,2,43,College,College,1.3318062,27.35
inLF,1,1,31,NoCol,NoCol,.76754749,8.2749996
inLF,0,0,45,NoCol,College,1.178655,9.5600004
inLF,0,0,48,College,College,1.178655,17.479
inLF,0,0,30,NoCol,NoCol,1.2729658,8.0899992
inLF,0,2,42,College,College,1.2542453,22.654999
inLF,0,4,35,NoCol,NoCol,2.0219276,10.3
inLF,0,0,45,NoCol,NoCol,.69314718,14.1
inLF,0,5,39,NoCol,NoCol,1.6438394,15.839
inLF,0,2,43,NoCol,NoCol,1.1676053,14.099999
inLF,0,3,35,NoCol,NoCol,.29804468,17.531
inLF,0,1,43,NoCol,College,1.3028187,24.631001
inLF,0,2,43,NoCol,NoCol,.81836909,14.6
inLF,1,2,30,NoCol,College,.73396903,15
inLF,0,1,42,NoCol,College,1.5242802,19.699999
inLF,0,1,33,NoCol,NoCol,1.4019157,24.300001
inLF,0,2,39,NoCol,NoCol,1.5448993,12.925
inLF,0,2,48,NoCol,NoCol,.75433636,17.305
inLF,0,0,54,NoCol,NoCol,2.0596387,10.900001
inLF,0,2,37,College,NoCol,2.1202636,9.1520004
inLF,0,0,54,NoCol,NoCol,1.5564855,9.8590002
inLF,1,2,31,College,NoCol,1.5242802,20.1
inLF,0,3,34,NoCol,NoCol,.092115059,6.8000002
inLF,1,3,35,NoCol,NoCol,1.5141279,12.039999
inLF,0,2,30,NoCol,NoCol,.32850412,19.5
inLF,1,0,32,NoCol,NoCol,1.2101647,10.910001
